continent,mean_historical,paris_2024,absolute_change,relative_pct
Africa,255,45,-210,-82.35294117647058
South America,775,97,-678,-87.48387096774194
Oceania,1274,174,-1100,-86.34222919937206
Asia,2986,427,-2559,-85.69993302076357
North America,4591,417,-4174,-90.91701154432586
Europe,7649,732,-6917,-90.43012158452085
